[{"landmarkid":1,"landmarkname":"Eiffel Tower","century":19,"type":"Observation tower","height":324,"artstyle":"undefined","cityname":"Paris","countryname":"France","architects":[{"architectname":"Stephen","architectsurname":"Sauvestre"}]},{"landmarkid":2,"landmarkname":"London Eye","century":20,"type":"Observation wheel","height":135,"artstyle":"modern","cityname":"London","countryname":"United Kingdom","architects":[{"architectname":"Frank","architectsurname":"Anatole"},{"architectname":"Joanna","architectsurname":"Bailey"},{"architectname":"Nic","architectsurname":"Bailey"},{"architectname":"Julia","architectsurname":"Barfield"},{"architectname":"Steven","architectsurname":"Chilton"},{"architectname":"Malcolm","architectsurname":"Cook"},{"architectname":"David","architectsurname":"Marks"},{"architectname":"Mark","architectsurname":"Sparrowhawk"}]},{"landmarkid":3,"landmarkname":"Sagrada Familia","century":19,"type":"Minor basilica","height":170,"artstyle":"neoclassic","cityname":"Barcelona","countryname":"Spain","architects":[{"architectname":"Antoni","architectsurname":"Gaudi"}]},{"landmarkid":4,"landmarkname":"Statue of Liberty","century":19,"type":"Statue","height":93,"artstyle":"neoclassic","cityname":"New York","countryname":"United States of America","architects":[{"architectname":"Frederic Auguste","architectsurname":"Bartholdi"}]},{"landmarkid":5,"landmarkname":"Saint Basils Cathedral","century":16,"type":"Cathedral","height":48,"artstyle":"undefined","cityname":"Moscow","countryname":"Russia","architects":[{"architectname":"Ivan","architectsurname":"Barma"},{"architectname":"Postnik","architectsurname":"Yakovlev"}]},{"landmarkid":6,"landmarkname":"Taj Mahal","century":17,"type":"Mausoleum","height":73,"artstyle":"mughal","cityname":"Agra","countryname":"India","architects":[{"architectname":"Ustad Ahmad","architectsurname":"Lahauri"}]},{"landmarkid":7,"landmarkname":"Sydney Opera House","century":20,"type":"Performing arts centre","height":65,"artstyle":"expressionism","cityname":"Sydney","countryname":"Australia","architects":[{"architectname":"Jorn","architectsurname":"Utzon"}]},{"landmarkid":8,"landmarkname":"Big Ben","century":19,"type":"Clock tower","height":96,"artstyle":"gothic","cityname":"London","countryname":"United Kingdom","architects":[{"architectname":"Augustus","architectsurname":"Pugin"}]},{"landmarkid":9,"landmarkname":"Colosseum","century":1,"type":"Amphitheatre","height":48,"artstyle":"Ancient Roman","cityname":"Rome","countryname":"Italy","architects":[{"architectname":"Titus","architectsurname":"Vespasian"}]},{"landmarkid":10,"landmarkname":"Christ the Redeemer","century":21,"type":"Statue","height":30,"artstyle":"art deco","cityname":"Rio de Janero","countryname":"Brazil","architects":[{"architectname":"Paul","architectsurname":"Landowski"},{"architectname":"Heitor da Silva","architectsurname":"Costa"},{"architectname":"Gheorghe","architectsurname":"Leonida"},{"architectname":"Albert","architectsurname":"Caquot"}]}]
